Restaurant, Address, City, State, Zipcode
Mary's Diner, 4916 S Technopolis Drive  Building 2, Sioux Falls, SD, 57106
Bistro Bob, 625 32nd Avenue SW, Cedar Rapids, IA, 52404
Wiener House, 400 Locust Street  Suite 420 4th Floor, Des Moines, IA, 50309
Fargo, 3310 Fiectner Drive  Suite 108, Fargo, ND, 58103
Fangs, 650 Third Avenue South, Minneapolis, MN, 55402
China Palace, 3605 Hwy 52 North, Rochester, MN, 55901
A Cut Above, 30501 Agoura Road, Agoura Hills, CA, 91301
Ranch House, 650 Harry Road, San Jose, CA, 95120
Burgers and Fries, 5100 California Avenue, Bakersfield, CA, 93309
Hofbrau Deluxe, 600 Anton Blvd, Costa Mesa, CA, 92626
Jean's Place, 100 N. Sepulveda Blvd, El Segundo, CA, 90245
Nattos, 1001 E. Hillsdale Blvd, Foster City, CA, 94404EDD
frisby,  cra 15 num17 ,  armenia,  quindio,  630001
puto,m,m,m,m